"ID","Description","GeneRatio","BgRatio","Count","pvalue","geneID","p.adjust","qvalue"
"pau00405","Phenazine biosynthesis","6/13","24/2048",6,2.15283374102019e-09,"PA14_51360/PA14_51380/PA14_51390/PA14_51410/PA14_51420/PA14_51430",2.15283374102019e-08,2.15283374102019e-08
"pau00970","Aminoacyl-tRNA biosynthesis","6/13","86/2048",6,6.24528310560746e-06,"PA14_23570/PA14_23580/PA14_27610/PA14_27620/PA14_65210/PA14_65220",3.12264155280373e-05,3.12264155280373e-05
"pau02024","Quorum sensing","6/13","111/2048",6,2.78725995908796e-05,"PA14_51360/PA14_51380/PA14_51390/PA14_51410/PA14_51420/PA14_51430",7.34008269447419e-05,7.34008269447419e-05
"pau02025","Biofilm formation - Pseudomonas aeruginosa","6/13","112/2048",6,2.93603307778968e-05,"PA14_51360/PA14_51380/PA14_51390/PA14_51410/PA14_51420/PA14_51430",7.34008269447419e-05,7.34008269447419e-05
