"ID","Description","GeneRatio","BgRatio","Count","pvalue","geneID","p.adjust","qvalue"
"pau00970","Aminoacyl-tRNA biosynthesis","7/43","86/2048",7,0.0016942659610929,"PA14_08650/PA14_23570/PA14_23580/PA14_27600/PA14_27610/PA14_27620/PA14_65220",0.029394162734418,0.029394162734418
"pau03010","Ribosome","6/43","67/2048",6,0.00229705533466353,"PA14_17060/PA14_57580/PA14_57590/PA14_60400/PA14_60460/PA14_70190",0.029394162734418,0.029394162734418
"pau00740","Riboflavin metabolism","3/43","14/2048",3,0.00267219661221982,"PA14_11410/PA14_11420/PA14_19530",0.029394162734418,0.029394162734418
"pau00190","Oxidative phosphorylation","5/43","58/2048",5,0.00646015831199835,"PA14_44340/PA14_44350/PA14_44360/PA14_57560/PA14_57570",0.0492641978923305,0.0492641978923305
"pau00920","Sulfur metabolism","5/43","60/2048",5,0.00746427240792887,"PA14_19530/PA14_19540/PA14_19560/PA14_19570/PA14_19580",0.0492641978923305,0.0492641978923305
