"ID","Description","GeneRatio","BgRatio","Count","pvalue","geneID","p.adjust","qvalue"
"pau00920","Sulfur metabolism","4/12","60/2048",4,0.000276703484429972,"PA14_19540/PA14_19560/PA14_19570/PA14_19580",0.0030437383287297,0.0030437383287297
"pau00190","Oxidative phosphorylation","3/12","58/2048",3,0.00395580822488526,"PA14_44340/PA14_44350/PA14_44360",0.021756945236869,0.021756945236869
