"ID","Description","GeneRatio","BgRatio","Count","pvalue","geneID","p.adjust","qvalue"
"pau03010","Ribosome","6/43","67/2048",6,0.00229705533466353,"PA14_17060/PA14_57580/PA14_57590/PA14_60400/PA14_60460/PA14_70190",0.029394162734418,0.029394162734418
"pau00740","Riboflavin metabolism","3/43","14/2048",3,0.00267219661221982,"PA14_11410/PA14_11420/PA14_19530",0.029394162734418,0.029394162734418
